,count,mean,std,min,1%,25%,50%,75%,99%,max
likes,605868.0,205.83702720724645,3589.715761440459,0.0,1.0,18.0,42.0,112.0,2019.0,1675384.0
comments,605868.0,5.548579888688625,42.10949396351619,0.0,0.0,0.0,1.0,5.0,58.0,19977.0
followers,605868.0,7300.309719278786,121391.3180675217,0.0,22.0,239.0,598.0,1378.0,93628.60999999929,25021371.0
following,605868.0,896.7640789742981,1178.6526798086065,0.0,7.0,242.0,554.5,1027.0,7008.659999999916,137970.0
num_posts,605868.0,644.2051882588287,1442.060217654387,0.0,4.0,88.0,265.0,694.0,5524.0,142428.0
AestheticScore,605868.0,0.41488530259055234,0.10330397481841523,0.0,0.1620719762146473,0.3472881615161896,0.4214024394750595,0.48772522062063217,0.6331717479228972,0.8312092423439026
BalancingElements,605868.0,-0.02071726299428345,0.0811600256036093,-0.45950672030448914,-0.22027557611465454,-0.07348834909498692,-0.01899900659918785,0.03410513140261173,0.16307922020554502,0.357597678899765
ColorHarmony,605868.0,0.06229857429839499,0.15633035066568865,-0.7207756042480469,-0.35638545870780947,-0.03360459301620722,0.07713256776332855,0.1731010600924492,0.3707151648402208,0.6797010898590088
ContentAesthetics,605868.0,0.16919313567157637,0.2850330576876002,-0.9429885149002075,-0.5979227375984192,-0.0037779861595481634,0.2112211212515831,0.38012605905532837,0.6679999440908427,0.8882029056549072
DoFScore,605868.0,-0.0010683845407888199,0.12754523328244083,-0.5786919593811035,-0.2782353243231773,-0.08210986666381359,-0.007461370900273323,0.06891299784183502,0.39515797287225723,0.7799171805381775
LightScore,605868.0,-0.12572044095224505,0.2050432308512231,-0.9201367497444153,-0.6486105471849442,-0.25644924491643906,-0.10730748623609543,0.021510012447834015,0.28378072857856745,0.622459352016449
MotionBlurScore,605868.0,-1.82879624555122e-34,8.767941965926063e-34,-5.156045891756845e-33,-2.3232015231299832e-33,-7.593654820609221e-34,-1.6149012564106108e-34,4.160106764778101e-34,1.781375054737521e-33,3.9123328283105397e-33
ObjectScore,605868.0,0.19141694744736798,0.2632452839595636,-0.9569776058197021,-0.5375658392906189,0.032245440408587456,0.2265908494591713,0.3844103068113327,0.6604305791854856,0.8467211127281189
RuleOfThirdsScore,605868.0,-0.04947924026222558,0.08490934510246549,-0.5479189157485962,-0.25381932348012926,-0.10573615320026875,-0.0480817724019289,0.0082772271707654,0.14280944153666492,0.33948367834091187
VividColorScore,605868.0,-0.45874434604180114,0.13350281499903136,-0.9253693222999573,-0.7624784922599792,-0.5488945543766022,-0.45877599716186523,-0.3696190416812897,-0.13996114104986207,0.5132443308830261
RepetitionScore,605868.0,0.499981018967828,0.0030806121908138143,0.0,0.5,0.5,0.5,0.5,0.5,0.5
SymmetryScore,605868.0,0.499981018967828,0.0030806121908138143,0.0,0.5,0.5,0.5,0.5,0.5,0.5
