,AestheticScore,BalancingElements,ColorHarmony,ContentAesthetics,DoFScore,LightScore,MotionBlurScore,ObjectScore,RuleOfThirdsScore,VividColorScore,RepetitionScore,SymmetryScore
AestheticScore,1.0,0.42,0.799,0.864,0.611,0.833,0.058,0.774,0.436,0.756,0.025,0.025
BalancingElements,0.42,1.0,0.368,0.508,0.208,0.317,0.026,0.306,0.238,0.258,-0.002,-0.002
ColorHarmony,0.799,0.368,1.0,0.726,0.42,0.78,-0.072,0.562,0.26,0.673,0.002,0.002
ContentAesthetics,0.864,0.508,0.726,1.0,0.504,0.692,0.027,0.695,0.352,0.629,0.004,0.004
DoFScore,0.611,0.208,0.42,0.504,1.0,0.449,0.095,0.563,0.33,0.513,-0.0,-0.0
LightScore,0.833,0.317,0.78,0.692,0.449,1.0,-0.052,0.58,0.342,0.677,-0.004,-0.004
MotionBlurScore,0.058,0.026,-0.072,0.027,0.095,-0.052,1.0,0.147,0.141,-0.004,-0.001,-0.001
ObjectScore,0.774,0.306,0.562,0.695,0.563,0.58,0.147,1.0,0.36,0.647,0.004,0.004
RuleOfThirdsScore,0.436,0.238,0.26,0.352,0.33,0.342,0.141,0.36,1.0,0.296,-0.004,-0.004
VividColorScore,0.756,0.258,0.673,0.629,0.513,0.677,-0.004,0.647,0.296,1.0,-0.021,-0.021
RepetitionScore,0.025,-0.002,0.002,0.004,-0.0,-0.004,-0.001,0.004,-0.004,-0.021,1.0,1.0
SymmetryScore,0.025,-0.002,0.002,0.004,-0.0,-0.004,-0.001,0.004,-0.004,-0.021,1.0,1.0
