model,term,est,se,z,p_two,p_one_gt,irr,lo95,hi95,lo90,hi90,n,accounts,sigma_u,theta,loglik,aic,converged,pdHess
M1,(Intercept),-2.30062657492523,0.00632502484360801,-363.733998175551,0,1,0.100196043721802,0.098961598709744,0.101445887176364,0.0991590336385301,0.101243898907868,583830,469330,0.913310828858635,5.99286887223741,-3013213.76911741,6026519.53823481,TRUE,TRUE
M1,z_AestheticScore,0.0552736410031905,0.00111564426338644,49.5441448651494,0,0,1.05682976706938,1.05452140390298,1.05914318327736,1.05489218677321,1.05877090622914,583830,469330,0.913310828858635,5.99286887223741,-3013213.76911741,6026519.53823481,TRUE,TRUE
M1,month2018-01,0.1739743681721,0.0137727299506993,12.6317998533955,1.41015402811604e-36,7.05077014058019e-37,1.19002506291183,1.15833115907231,1.22258616568037,1.16336915370402,1.21729173053063,583830,469330,0.913310828858635,5.99286887223741,-3013213.76911741,6026519.53823481,TRUE,TRUE
M1,month2018-02,0.20002381329138,0.0142733370895261,14.0138085464372,1.28333972593849e-44,6.41669862969247e-45,1.22143184412626,1.18773553964885,1.2560841197753,1.19308961504832,1.25044735200822,583830,469330,0.913310828858635,5.99286887223741,-3013213.76911741,6026519.53823481,TRUE,TRUE
M1,month2018-03,0.161017633192925,0.0131918319275775,12.2058584491451,2.89241683557944e-34,1.44620841778972e-34,1.17470568244318,1.14472234885851,1.20547435956005,1.14949072409938,1.20047375018659,583830,469330,0.913310828858635,5.99286887223741,-3013213.76911741,6026519.53823481,TRUE,TRUE
M1,month2018-04,0.159469906365075,0.01276709591874,12.490695407951,8.39169199578744e-36,4.19584599789372e-36,1.1728889651973,1.14390386802467,1.20260850857786,1.14851510795962,1.19778008591068,583830,469330,0.913310828858635,5.99286887223741,-3013213.76911741,6026519.53823481,TRUE,TRUE
M1,month2018-05,0.159248799776736,0.0117434288629207,13.5606730909365,6.85045678977812e-42,3.42522839488906e-42,1.17262966038776,1.14594783948013,1.19993273083435,1.15019624292422,1.19550061902932,583830,469330,0.913310828858635,5.99286887223741,-3013213.76911741,6026519.53823481,TRUE,TRUE
M1,month2018-06,0.152131507400031,0.0111309468559717,13.6674363258157,1.58895262049343e-42,7.94476310246713e-43,1.16431334218507,1.13918745816152,1.18999340194454,1.14319014257949,1.18582684393284,583830,469330,0.913310828858635,5.99286887223741,-3013213.76911741,6026519.53823481,TRUE,TRUE
M1,month2018-07,0.0825873853876612,0.0112559799765128,7.33720080881377,2.18107249260726e-13,1.09053624630363e-13,1.08609357800071,1.06239529369417,1.11032048727614,1.0661701641889,1.10638929862737,583830,469330,0.913310828858635,5.99286887223741,-3013213.76911741,6026519.53823481,TRUE,TRUE
M1,month2018-08,0.102352849454805,0.0102814755002297,9.95507400202615,2.39644519725814e-23,1.19822259862907e-23,1.10777428032644,1.08567458118542,1.13032383498641,1.08919764900233,1.12666774233015,583830,469330,0.913310828858635,5.99286887223741,-3013213.76911741,6026519.53823481,TRUE,TRUE
M1,month2018-09,0.0762667203834878,0.00910529532313771,8.3760842099964,5.47177676333307e-17,2.73588838166654e-17,1.07925039385082,1.0601608790971,1.09868363905216,1.06320702834207,1.09553584727846,583830,469330,0.913310828858635,5.99286887223741,-3013213.76911741,6026519.53823481,TRUE,TRUE
M1,month2018-10,0.1098563258445,0.00902780024991739,12.1686704184118,4.56457043260201e-34,2.282285216301e-34,1.1161177016705,1.09654262559895,1.13604222480799,1.09966645653566,1.13281506094738,583830,469330,0.913310828858635,5.99286887223741,-3013213.76911741,6026519.53823481,TRUE,TRUE
M1,month2018-11,0.104609505232269,0.0084497556082065,12.3801811653193,3.34586690489416e-35,1.67293345244708e-35,1.11027696834688,1.09204085369486,1.12881760995544,1.0949523988143,1.12581601517693,583830,469330,0.913310828858635,5.99286887223741,-3013213.76911741,6026519.53823481,TRUE,TRUE
M1,month2018-12,0.107653916612947,0.00771766004395964,13.9490358476212,3.18887068333846e-44,1.59443534166923e-44,1.11366225867853,1.09694339567841,1.13063593918437,1.09961431172806,1.12788967293077,583830,469330,0.913310828858635,5.99286887223741,-3013213.76911741,6026519.53823481,TRUE,TRUE
M1,month2019-01,0.137809631969594,0.00716321682820365,19.2385118689969,1.76194602907007e-82,8.80973014535035e-83,1.14775703322971,1.13175552015599,1.16398478634917,1.13431300542977,1.16136040142566,583830,469330,0.913310828858635,5.99286887223741,-3013213.76911741,6026519.53823481,TRUE,TRUE
M1,month2019-02,0.0888231021217028,0.00602979782953031,14.7306932392825,4.09483631783344e-49,2.04741815891672e-49,1.09288730977922,1.0800473852969,1.1058798791019,1.08210147971556,1.10378064744021,583830,469330,0.913310828858635,5.99286887223741,-3013213.76911741,6026519.53823481,TRUE,TRUE
M1,month2019-03,0.0571622064215928,0.00487537001626481,11.724690891336,9.52480834743404e-32,4.76240417371702e-32,1.05882754509406,1.04875805223248,1.06899371867841,1.05037047424073,1.06735270815788,583830,469330,0.913310828858635,5.99286887223741,-3013213.76911741,6026519.53823481,TRUE,TRUE
M1,month2019-04,0.0157490524476413,0.00345936244649629,4.55258814050904,5.29899485084628e-06,2.64949742542314e-06,1.01587372239212,1.00900916702669,1.02278497913739,1.01010966714474,1.02167066944716,583830,469330,0.913310828858635,5.99286887223741,-3013213.76911741,6026519.53823481,TRUE,TRUE
M1,month2019-06,-0.183897485628255,0.00711506752504597,-25.8462038456995,2.68434185245204e-147,1,0.832021093574571,0.820498856730109,0.843705136789403,0.822340502642394,0.841815644405956,583830,469330,0.913310828858635,5.99286887223741,-3013213.76911741,6026519.53823481,TRUE,TRUE
M1,month2019-07,-0.368389522656851,0.0114991457377367,-32.0362513058609,3.41205789792539e-225,1,0.691847638865193,0.676429239796949,0.707617481980857,0.67888472434777,0.70505807280198,583830,469330,0.913310828858635,5.99286887223741,-3013213.76911741,6026519.53823481,TRUE,TRUE
M1,month2019-08,-0.613622254682994,0.052845143400855,-11.6117057347803,3.59374154428787e-31,1,0.541386274124191,0.48811861783892,0.600466950241995,0.496314837706985,0.590550746304938,583830,469330,0.913310828858635,5.99286887223741,-3013213.76911741,6026519.53823481,TRUE,TRUE
M1,monthpre2018,-0.133856596675719,0.00444053209215148,-30.1442696275761,1.27513764613982e-199,1,0.874715492719171,0.867135628901416,0.882361614148286,0.868349822977659,0.881127827698801,583830,469330,0.913310828858635,5.99286887223741,-3013213.76911741,6026519.53823481,TRUE,TRUE
M1,business,-0.18630449648296,0.00317089249670619,-58.7545924929611,0,1,0.830020818079158,0.824878371810631,0.835195323320897,0.825702985628445,0.834361229686537,583830,469330,0.913310828858635,5.99286887223741,-3013213.76911741,6026519.53823481,TRUE,TRUE
M1,description_categoryarts_&_culture,-0.0651000573251951,0.00512200552853215,-12.7098764268322,5.2116731763056e-37,1,0.936973707604045,0.9276145354499,0.9464273091791,0.929112909681516,0.944901012130168,583830,469330,0.913310828858635,5.99286887223741,-3013213.76911741,6026519.53823481,TRUE,TRUE
M1,description_categorybusiness_&_entrepreneurs,-0.132773238846738,0.00816073644860211,-16.2697618876641,1.61785654166022e-59,1,0.875663636092879,0.861769032032743,0.88978226772283,0.863987948442602,0.887497105668648,583830,469330,0.913310828858635,5.99286887223741,-3013213.76911741,6026519.53823481,TRUE,TRUE
M1,description_categorycelebrity_&_pop_culture,-0.0320974698911255,0.00793695382221452,-4.04405400486125,5.25348098139553e-05,0.999973732595093,0.968412186448529,0.95346399679562,0.983594730387126,0.955851607620328,0.9811378203326,583830,469330,0.913310828858635,5.99286887223741,-3013213.76911741,6026519.53823481,TRUE,TRUE
M1,description_categoryfamily,-0.0116663748823674,0.00969921149592447,-1.20281683591182,0.229047208236602,0.885476395881699,0.988401413398496,0.96978926831864,1.00737076179642,0.972757787292959,1.00429661604336,583830,469330,0.913310828858635,5.99286887223741,-3013213.76911741,6026519.53823481,TRUE,TRUE
M1,description_categoryfashion_&_style,-0.0936323761475794,0.00525413262995826,-17.8207104277692,4.88126526750014e-71,1,0.91061746541528,0.901288126772237,0.920043373131996,0.902781562139805,0.918521382242113,583830,469330,0.913310828858635,5.99286887223741,-3013213.76911741,6026519.53823481,TRUE,TRUE
M1,description_categoryfilm_tv_&_video,-0.0655190903518037,0.00739424796891456,-8.86081865623741,7.9428981204181e-19,1,0.936581166924993,0.923105684290142,0.950253364448868,0.925259029573065,0.94804185012205,583830,469330,0.913310828858635,5.99286887223741,-3013213.76911741,6026519.53823481,TRUE,TRUE
M1,description_categoryfitness_&_health,-0.0834475019906159,0.00871694438926361,-9.5730221811895,1.03825421044594e-21,1,0.919939380389788,0.904355811548156,0.935791480283845,0.906843307545722,0.933224578656636,583830,469330,0.913310828858635,5.99286887223741,-3013213.76911741,6026519.53823481,TRUE,TRUE
M1,description_categoryfood_&_dining,-0.161782331415482,0.00417388748624048,-38.7605875694563,0,1,0.85062633902169,0.843696032241777,0.857613572882245,0.844806419733398,0.856486352063689,583830,469330,0.913310828858635,5.99286887223741,-3013213.76911741,6026519.53823481,TRUE,TRUE
M1,description_categorygaming,-0.0525117296132364,0.0241648871769836,-2.17305916756989,0.0297758643941593,0.98511206780292,0.948843191426871,0.904951399852918,0.994863814856197,0.911868542816445,0.987317096317859,583830,469330,0.913310828858635,5.99286887223741,-3013213.76911741,6026519.53823481,TRUE,TRUE
M1,description_categorylearning_&_educational,-0.00243349841391466,0.00960670197614708,-0.253312574904156,0.800026679565667,0.599986660217167,0.997569460142983,0.978962160428907,1.0165304319566,0.981930133226275,1.01345787662129,583830,469330,0.913310828858635,5.99286887223741,-3013213.76911741,6026519.53823481,TRUE,TRUE
M1,description_categorymusic,-0.0846027375207325,0.00633355343914753,-13.3578627438122,1.06580535842787e-40,1,0.918877247357041,0.907541236456912,0.930354855286556,0.909354285030781,0.928499936283769,583830,469330,0.913310828858635,5.99286887223741,-3013213.76911741,6026519.53823481,TRUE,TRUE
M1,description_categorynews_&_social_concern,-0.068881778936703,0.00385157257284516,-17.8840662181318,1.56960712066904e-71,1,0.933437025473171,0.926417091904665,0.940510152649326,0.927542138219987,0.939369377003496,583830,469330,0.913310828858635,5.99286887223741,-3013213.76911741,6026519.53823481,TRUE,TRUE
M1,description_categoryother_hobbies,-0.041346211843527,0.0115607656004135,-3.576425063237,0.000348325106447223,0.999825837446776,0.959496883252438,0.93800040685115,0.981486001761656,0.941423692164233,0.977917038453432,583830,469330,0.913310828858635,5.99286887223741,-3013213.76911741,6026519.53823481,TRUE,TRUE
M1,description_categoryrelationships,0.0371090642211631,0.00813548132520003,4.56138521346193,5.08172541990954e-06,2.54086270995477e-06,1.03780620219119,1.02138935550441,1.05448691774803,1.02401111927104,1.05178712714878,583830,469330,0.913310828858635,5.99286887223741,-3013213.76911741,6026519.53823481,TRUE,TRUE
M1,description_categoryscience_&_technology,-0.0747615185994239,0.0205703391336467,-3.63443296261155,0.0002785926816664,0.999860703659167,0.927964762278598,0.891296047161274,0.966142061073185,0.897092120995611,0.959899858528563,583830,469330,0.913310828858635,5.99286887223741,-3013213.76911741,6026519.53823481,TRUE,TRUE
M1,description_categorysports,-0.00614393641983532,0.00588713586070721,-1.04362062728025,0.296660945585108,0.851669527207446,0.993874898963323,0.982472907414134,1.00540921519068,0.984297179943306,1.00354581412724,583830,469330,0.913310828858635,5.99286887223741,-3013213.76911741,6026519.53823481,TRUE,TRUE
M1,description_categorytravel_&_adventure,-0.00276734887958853,0.00460976425048992,-0.600323298375708,0.548290794454377,0.725854602772812,0.997236476700603,0.988267053336073,1.00628730574918,0.989703636197563,1.0048266512216,583830,469330,0.913310828858635,5.99286887223741,-3013213.76911741,6026519.53823481,TRUE,TRUE
M1,description_categoryyouth_&_student_life,0.129054808378474,0.024946712644054,5.17321902167476,2.30095030693887e-07,1.15047515346944e-07,1.13775248082546,1.08346056964257,1.19476494474694,1.09201117228331,1.18540976546772,583830,469330,0.913310828858635,5.99286887223741,-3013213.76911741,6026519.53823481,TRUE,TRUE
M1,log_caption_chars,-0.0215156060789626,0.00151458850662621,-14.2055786009424,8.46009993789358e-46,1,0.978714203458823,0.975813160287298,0.98162387128497,0.976278989965061,0.981155491307172,583830,469330,0.913310828858635,5.99286887223741,-3013213.76911741,6026519.53823481,TRUE,TRUE
M1,log_hashtags,0.0210108942928038,0.00160324339367568,13.1052430190485,3.07276408650366e-39,1.53638204325183e-39,1.02123317719018,1.01802919343115,1.02444724465997,1.01854362970501,1.02392982664473,583830,469330,0.913310828858635,5.99286887223741,-3013213.76911741,6026519.53823481,TRUE,TRUE
M1,log_mentions,-0.0922643103908258,0.00290854840379263,-31.7217723695149,7.78421904886714e-221,1,0.911864102533558,0.906680672785338,0.91707716558572,0.907512038045683,0.916237037780732,583830,469330,0.913310828858635,5.99286887223741,-3013213.76911741,6026519.53823481,TRUE,TRUE
