feature,z_AestheticScore,z_BalancingElements,z_ColorHarmony,z_ContentAesthetics,z_DoFScore,z_LightScore,z_ObjectScore,z_RuleOfThirdsScore,z_VividColorScore
z_AestheticScore,1,0.409,0.787,0.857,0.599,0.822,0.763,0.431,0.745
z_BalancingElements,0.409,1,0.354,0.499,0.197,0.301,0.292,0.233,0.244
z_ColorHarmony,0.787,0.354,1,0.712,0.4,0.767,0.538,0.247,0.658
z_ContentAesthetics,0.857,0.499,0.712,1,0.49,0.675,0.68,0.344,0.614
z_DoFScore,0.599,0.197,0.4,0.49,1,0.429,0.552,0.324,0.5
z_LightScore,0.822,0.301,0.767,0.675,0.429,1,0.556,0.333,0.66
z_ObjectScore,0.763,0.292,0.538,0.68,0.552,0.556,1,0.352,0.632
z_RuleOfThirdsScore,0.431,0.233,0.247,0.344,0.324,0.333,0.352,1,0.285
z_VividColorScore,0.745,0.244,0.658,0.614,0.5,0.66,0.632,0.285,1
