image_shot,posts,person_share,mean_z_DoF,mean_z_Object,mean_z_Light
Selife Shot,97785,0.937884133558317,-0.263150389347557,0.017652347291742,-0.228143055534305
Portrait Shot,48600,0.911893004115226,0.460210920972866,0.507322724333262,0.171177494165795
Long Shot,75895,0.698609921602214,-0.185560755696066,-0.112943534214784,-0.334379694853593
Medium Shot,97119,0.685035883812642,0.108833225217286,0.242786252370517,0.183128101278937
Wide Shot,62781,0.632994058712031,0.0546912333381114,-0.254884503657228,0.299636456938971
Medium Long Shot,73894,0.547229815681923,-0.163668177783476,-0.361175475596824,-0.133989391074501
Extreme Wide Shot,28876,0.478286466269567,0.0165442182576816,-0.372154795221525,0.53147164790898
Point of View Shot,21002,0.317350728502047,-0.0630613191456776,-0.231481349163498,0.0121025367019842
Close Up Shot,18437,0.24082009003634,0.393562739884167,0.316228502512445,0.0290371217891643
Extreme Close Up Shot,2624,0.224466463414634,-0.0583936067051372,-0.179365854487561,-0.264989422360746
Aerial Shot,10502,0.17396686345458,-0.0748387564590095,-0.167235037284444,0.0251611362188225
Medium Close Up Shot,46315,0.168433552844651,0.223584258929811,0.287945943327921,-0.0564345075594362
