model,n,accounts,theta,sigma_u,loglik,aic,converged,pdHess
M0_train,466555,375158,5.99635572406638,0.91559885463191,-2408356.96692816,4816803.93385631,TRUE,TRUE
M1_A,291091,234390,5.95596605638212,0.909698226927999,-1502657.71167322,3005407.42334644,TRUE,TRUE
M1_B,292739,234940,6.03230735918821,0.916887238409554,-1510531.09895849,3021154.19791698,TRUE,TRUE
M1,583830,469330,5.99286887223741,0.913310828858635,-3013213.76911741,6026519.53823481,FALSE,TRUE
M1W_A,291091,234390,6.13694053971129,0.905200173902579,-1500264.56116353,3000627.12232705,TRUE,TRUE
M1W_B,292739,234940,6.17562519199157,0.911176117516774,-1508166.80915673,3016431.61831346,TRUE,TRUE
M1W,583830,469330,6.15412235523681,0.908182761446499,-3008459.29522376,6017016.59044753,TRUE,TRUE
M2_A,291091,234390,6.08957832131427,0.896232071823394,-1498688.80314002,2997545.60628004,TRUE,TRUE
M2_B,292739,234940,6.13808913157251,0.902973218617209,-1506694.65612685,3013557.3122537,TRUE,TRUE
M2_train,466555,375158,6.14653416309036,0.900433888389264,-2401236.15113833,4802640.30227665,TRUE,TRUE
M2,583830,469330,6.10965655049118,0.899571581317806,-3005429.58225711,6011027.16451423,TRUE,TRUE
R1_M1,583830,469330,6.06295949889163,0.741989173005284,-2941358.5913695,5882811.18273901,TRUE,TRUE
R4_M1,164772,50272,6.51298186050385,1.01536663338016,-760331.069095777,1520754.13819155,TRUE,TRUE
R4_M2,164772,50272,6.75662642938179,1.0138285863973,-758324.092152505,1516816.18430501,TRUE,TRUE
